fsCategory,venueCategory,event,preposition,Indoor,Outdoor,Day,Night,Sporty,Visual,Artistic,Culinary,Crowded,Party,Observer,Nature,Wet,Geeky,Fancy,Loud,Quiet,Intellectual,Tactile,Expensive,Cheap,Free,Romantic,Goofy,Game-related,Creative,Illegal,First-date,Summer,Winter,Seasonal,Historical,Hair-raising
4bf58dd8d48988d1e9941735,Ski Area,Ski,at,,Outdoor,Day,Night,Sporty,,,,Crowded,,,Nature,,,Fancy,,Quiet,,,Expensive,,,,,,,,First-date,,Winter,Seasonal,,Hair-raising
4bf58dd8d48988d1e9941735,Ski Area,Drink hot cocoa after skiing,at,,Outdoor,Day,Night,Sporty,,,,Crowded,,,Nature,,,Fancy,,Quiet,,,Expensive,,,Romantic,,,,,First-date,,Winter,Seasonal,,Hair-raising
4bf58dd8d48988d1e9941735,Ski Area,Hit the slopes,at,,Outdoor,Day,Night,Sporty,,,,Crowded,,,Nature,,,Fancy,,Quiet,,,Expensive,,,,,,,,First-date,,Winter,Seasonal,,Hair-raising
4eb1baf03b7b2c5b1d4306ca,Stables,Go horseback riding ,at,,Outdoor,Day,,Sporty,,,,,,,Nature,,,Fancy,,Quiet,,Tactile,Expensive,,,Romantic,,,,,First-date,Summer,,Seasonal,,Hair-raising
4eb1baf03b7b2c5b1d4306ca,Stables,Feed the horses,at,,Outdoor,Day,,Sporty,,,,,,,Nature,,,Fancy,,Quiet,,Tactile,Expensive,,,Romantic,,,,,First-date,Summer,,Seasonal,,Hair-raising
4bf58dd8d48988d159941735,Trail,Hike,at,,Outdoor,Day,,Sporty,,,,,,,Nature,Wet,,,,Quiet,,,,Cheap,Free,,,,,,,Summer,Winter,Seasonal,,Hair-raising
4bf58dd8d48988d159941735,Trail,Take in the sights,at,,Outdoor,Day,,Sporty,,,,,,,Nature,Wet,,,,Quiet,,,,Cheap,Free,,,,,,,Summer,Winter,Seasonal,,Hair-raising
4bf58dd8d48988d1de941735,Vineyard,Go for a tour,of,Indoor,Outdoor,Day,,,,,Culinary,,,,Nature,,,Fancy,,Quiet,,,Expensive,,,Romantic,,,,,First-date,,,Seasonal,,
4bf58dd8d48988d1de941735,Vineyard,Taste wine,at,Indoor,Outdoor,Day,,,,,Culinary,,,,Nature,,,Fancy,,Quiet,,,Expensive,,,Romantic,,,,,First-date,,,Seasonal,,
4bf58dd8d48988d1de941735,Vineyard,Stroll,through,Indoor,Outdoor,Day,,,,,Culinary,,,,Nature,,,Fancy,,Quiet,,,Expensive,,,Romantic,,,,,First-date,,,Seasonal,,
5032848691d4c4b30a586d61,Volcano,Hike,at,,Outdoor,Day,,Sporty,,,,,,,Nature,,,,,Quiet,,,,,,,,,,,First-date,,,Seasonal,,
5032848691d4c4b30a586d61,Volcano,Make a wish,at,,Outdoor,Day,,,,,,,,,Nature,,,,,Quiet,,,,,,,Goofy,,,,,,,Seasonal,,
5032848691d4c4b30a586d61,Volcano,Shout your favorite Disney song at the top,of,,Outdoor,Day,,,,,,,,,Nature,,,,,Quiet,,,,,,,Goofy,,,,,,,Seasonal,,
4e52d2d203646f7c19daa8ae,Animal Shelter,Make a furry friend,at,Indoor,Outdoor,Day,,,,,,,,,,,,,Loud,,,Tactile,,,,,,,,,First-date,,,,,
4e52d2d203646f7c19daa8ae,Animal Shelter,Volunteer,at,Indoor,,Day,,,,,,,,,,,,,Loud,,,,,,,,,,,,,,,,,
4e52d2d203646f7c19daa8ae,Animal Shelter,Lend a hand,at,Indoor,,Day,,,,,,,,,,,,,Loud,,,,,,,,,,,,,,,,,
4bf58dd8d48988d12f941735,Library,Play hide and seek,at,,Outdoor,Day,,Sporty,,,,,,,,,Geeky,,,Quiet,Intellectual,,,,,,Goofy,Game-related,,,First-date,,,,,
4bf58dd8d48988d12f941735,Library,Share your favorite book,at,,Outdoor,Day,,,,,,,,,,,Geeky,,,Quiet,Intellectual,,,,,Romantic,,,,,First-date,,,,,
4bf58dd8d48988d12f941735,Library,Share a kiss in the stacks,at,,Outdoor,Day,,,,,,,,,,,Geeky,,,Quiet,Intellectual,,,,,Romantic,,,,,,,,,,
4bf58dd8d48988d172941735,Post Office,Write postcards to strangers,at,Indoor,,Day,,,,,,,,,,,Geeky,,,Quiet,,,,,,,Goofy,,,,,,,,,
4bf58dd8d48988d172941735,Post Office,Write a postcard together to someone you love,at,Indoor,,Day,,,,,,,,,,,Geeky,,,Quiet,,,,,,,Goofy,,,,,,,,,
4bf58dd8d48988d172941735,Post Office,Mail each other a letter with 3 things you like about the other person,at,Indoor,,Day,,,,,,,,,,,Geeky,,,Quiet,,,,,,,Goofy,,,,,,,,,
5267e446e4b0ec79466e48c4,Adult Boutique,Explore,the,Indoor,,Day,,,,,,,,,,,,,,Quiet,,,,,,,,,,,,,,,,
5267e446e4b0ec79466e48c4,Adult Boutique,Buy something adventurous,at,Indoor,,Day,,,,,,,,,,,,,,Quiet,,Tactile,Expensive,,,,,,,,,,,,,
5267e446e4b0ec79466e48c4,Adult Boutique,Buy each other gifts,at,Indoor,,Day,,,,,,,,,,,,,,Quiet,,,,,,,,,,,,,,,,
4bf58dd8d48988d116951735,Antique Shop,Explore,the,Indoor,,Day,,,,`,,,,,,,Geeky,,,Quiet,,,,,,,,,,,,,,,,
4bf58dd8d48988d116951735,Antique Shop,Buy each other gifts,at,Indoor,,Day,,,,,,,,,,,Geeky,,,Quiet,,,Expensive,,,Romantic,,,,,,,,,,
4bf58dd8d48988d116951735,Antique Shop,Make up the life story of an item,at,Indoor,,Day,,,,,,,,,,,Geeky,,,Quiet,,,,,,,Goofy,,Creative,,First-date,,,,,
52f2ab2ebcbc57f1066b8b43,Astrologer,Find out what your future holds,at,Indoor,,Day,,,,,,,,,,,,,,Quiet,,Tactile,,,,,Goofy,,,,First-date,,,,,
52f2ab2ebcbc57f1066b8b43,Astrologer,Make up fake identities and have your fake identity's fortune told,at,Indoor,,Day,,,,,,,,,,,,,,Quiet,,Tactile,,,,,Goofy,,,,First-date,,,,,
4bf58dd8d48988d1f1941735,Board Shop,Test drive boards,at,Indoor,,Day,,,,,,,,,,,,,,Quiet,,,,,,,,,,,,,,,,
4bf58dd8d48988d114951735,Bookstore,Buy books for each other,at,Indoor,,,,,,,,,,,,,Geeky,,,Quiet,Intellectual,,Expensive,,,Romantic,,,,,,,,,,
4bf58dd8d48988d114951735,Bookstore,Read each other the 100th page of random books,at,Indoor,,,,,,,,,,,,,Geeky,,,Quiet,Intellectual,,Expensive,,,Romantic,,,,,,,,,,
4bf58dd8d48988d114951735,Bookstore,Share your favorite book,at,Indoor,,Day,,,,,,,,,,,Geeky,,,Quiet,Intellectual,,,,,Romantic,,,,,First-date,,,,,
4bf58dd8d48988d117951735,Candy Store,Eat all the candy,at,Indoor,,Day,,,,,,,,,,,,,,Quiet,,,,,,,,,,,,,,,,
4eb1c1623b7b52c0e1adc2ec,Car Dealership,Test drive cars,at,Indoor,,Day,,,,,,,,,,,,,,Quiet,,Tactile,,,,,,,,,,,,,,
52f2ab2ebcbc57f1066b8b31,Chocolate Shop,Buy each other the most decadent chocolate,at,Indoor,,Day,,,,,Culinary,,,,,,,,,Quiet,Intellectual,,,,,,,,,,First-date,,,,,
52f2ab2ebcbc57f1066b8b31,Chocolate Shop,Eat all the chocolate,at,Indoor,,Day,,,,,Culinary,,,,,,,,,Quiet,Intellectual,,,,,,,,,,First-date,,,,,
4fceea171983d5d06c3e9823,Aquarium,Explore,the,Indoor,,Day,,,Visual,,,Crowded,,,Nature,,Geeky,,Loud,,Intellectual,,,,,,,,,,First-date,,,,,
4fceea171983d5d06c3e9823,Aquarium,Stroll,through,Indoor,,Day,,,Visual,,,Crowded,,,Nature,,Geeky,,Loud,,Intellectual,,,,,,,,,,First-date,,,,,
4fceea171983d5d06c3e9823,Aquarium,Do your best impression of all the fish,at,Indoor,,Day,,,Visual,,,Crowded,,,Nature,,Geeky,,Loud,,Intellectual,,,,,,,,,,First-date,,,,,
4bf58dd8d48988d1e1931735,Arcade,Bring out your inner child,at,Indoor,,Day,Night,,,,,Crowded,,,,,Geeky,,Loud,,,,,,,,Goofy,Game-related,,,,,,,,
4bf58dd8d48988d1e1931735,Arcade,Bring out your competitive side,at,Indoor,,Day,Night,,,,,Crowded,,,,,Geeky,,Loud,,,,,,,,Goofy,Game-related,,,,,,,,
4bf58dd8d48988d1e1931735,Arcade,Play,at,Indoor,,Day,Night,,,,,Crowded,,,,,Geeky,,Loud,,,,,,,,,Game-related,,,First-date,,,,,
4bf58dd8d48988d1e2931735,Art Gallery,Admire art,at,Indoor,,Day,Night,,Visual,Artistic,,,,Observer,,,,Fancy,,Quiet,Intellectual,,,,,,,,Creative,,,,,,,
4bf58dd8d48988d1e2931735,Art Gallery,Stroll,through,Indoor,,Day,Night,,Visual,Artistic,,,,,,,,Fancy,,Quiet,Intellectual,,,,,,,,Creative,,,,,,,
4bf58dd8d48988d1e2931735,Art Gallery,Pretend you're meeting for the first time,at,Indoor,,Day,Night,,Visual,,,,,,,,,Fancy,,Quiet,Intellectual,,,,,Romantic,,,Creative,,,,,,,
4bf58dd8d48988d1e4931735,Bowling Alley,Bowl,at,Indoor,,Day,Night,Sporty,,,,,,,,,Geeky,,Loud,,,,,,,,,Game-related,,,First-date,,,,,
4bf58dd8d48988d1e4931735,Bowling Alley,Bowl a few games,at,Indoor,,Day,Night,Sporty,,,,,,,,,Geeky,,Loud,,,,Expensive,,,,,Game-related,,,First-date,,,,,
4bf58dd8d48988d17c941735,Casino,Play,at,Indoor,,Day,Night,,,,,Crowded,Party,,,,,,Loud,,,,Expensive,,,,,Game-related,,,,,,,,Hair-raising
4bf58dd8d48988d17c941735,Casino,Dress to the nines and pretend you're a celebrity,at,Indoor,,Day,Night,,,,,Crowded,Party,,,,,Fancy,Loud,,,,Expensive,,,Romantic,Goofy,,Creative,,,,,,,
4bf58dd8d48988d18e941735,Comedy Club,Have some laughs,at,Indoor,,Day,Night,,,,,Crowded,,,,,Geeky,,Loud,,,,Expensive,,,,,,Creative,,First-date,,,,,
5032792091d4c4b30a586d5c,Concert Hall,Enjoy a performance,at,Indoor,,Day,Night,,,,,Crowded,Party,,,,,Fancy,Loud,,,,,,,,,,,,,,,,,
52e81612bcbc57f1066b79e8,Disc Golf,Play,at,,Outdoor,Day,,Sporty,,,,,,,,,,,,Quiet,,,,,,,,Game-related,,,,Summer,,Seasonal,,
52e81612bcbc57f1066b79ea,Go Kart Track,Race,at,,Outdoor,Day,,,,,,,,,,,,,Loud,,,,,,,,,Game-related,,,,,,,,Hair-raising
4deefb944765f83613cdba6e,Historic Site,Explore,the,Indoor,Outdoor,Day,,,Visual,,,,,,,,,,,Quiet,,,,,,,,,,,,,,,Historical,
52e81612bcbc57f1066b79e6,Laser Tag,Play,at,Indoor,,Day,Night,Sporty,,,,,,,,,Geeky,,Loud,,,,Expensive,,,,,Game-related,,,,,,,,
52e81612bcbc57f1066b79eb,Mini Golf,Play some putt-putt,at,,Outdoor,Day,,Sporty,,,,,,,,,Geeky,,,Quiet,,,,,,,,Game-related,,,,,,,,
4bf58dd8d48988d17f941735,Movie Theater,Watch a movie,at,Indoor,,Day,Night,,Visual,,,,,Observer,,,,,Loud,,,,,,,,,,,,,,,,,Hair-raising
4bf58dd8d48988d181941735,Museum,Explore,the,Indoor,,Day,,,Visual,,,,,,,,Geeky,Fancy,,Quiet,Intellectual,,,,,,,,,,First-date,,,,Historical,
4bf58dd8d48988d181941735,Museum,Stroll,through,Indoor,,Day,,,Visual,,,,,,,,Geeky,Fancy,,Quiet,Intellectual,,,,,,,,,,,,,,Historical,
4bf58dd8d48988d1e5931735,Music Venue,Take in the sounds,at,Indoor,Outdoor,Day,Night,,,,,Crowded,Party,Observer,,,,,Loud,,,,Expensive,,,,,,Creative,,,,,,,
4bf58dd8d48988d1e5931735,Music Venue,Enjoy ear candy,at,Indoor,Outdoor,Day,Night,,,,,Crowded,Party,Observer,,,,,Loud,,,,Expensive,,,,,,Creative,,,,,,,
4bf58dd8d48988d1e3931735,Pool Hall,Play pool,at,Indoor,,Day,Night,Sporty,,,,,,,,,,,Loud,,,,,,,,,Game-related,,,First-date,,,,,
507c8c4091d498d9fc8c67a9,Public Art,Be inspired,at,Indoor,Outdoor,Day,,,Visual,Artistic,,,,Observer,,,Geeky,,,Quiet,Intellectual,,,,,,,,Creative,,First-date,,,,,
4bf58dd8d48988d1f4931735,Racetrack,Watch the races,at,,Outdoor,Day,,,,,,Crowded,,Observer,,,,,Loud,,,,Expensive,,,,,Game-related,,,,,,,,
52e81612bcbc57f1066b79e9,Roller Rink,Skate,at,Indoor,,Day,Night,Sporty,,,,Crowded,,,,,Geeky,,Loud,,,,,,,,,,,,,,,,,Hair-raising
52e81612bcbc57f1066b79ec,Salsa Club,Dance,at,Indoor,,Day,Night,Sporty,,,,,Party,,,,,,Loud,,,,,,,Romantic,,,,,,,,,,Hair-raising
4bf58dd8d48988d182941735,Theme Park,Relive your childhood,at,,Outdoor,Day,,,,,,Crowded,,,,,Geeky,,Loud,,,,Expensive,,,,,,,,,,,Seasonal,,Hair-raising
4bf58dd8d48988d182941735,Theme Park,Visit,the,,Outdoor,Day,,,,,,Crowded,Party,,,,Geeky,,Loud,,,,Expensive,,,,,,,,First-date,Summer,,Seasonal,,Hair-raising
4bf58dd8d48988d193941735,Water Park,Splash around,at,,Outdoor,Day,,Sporty,,,,Crowded,,,,Wet,,,Loud,,,,Expensive,,,,Goofy,,,,,Summer,,Seasonal,,Hair-raising
4bf58dd8d48988d193941735,Water Park,Bring out your inner kid,at,,Outdoor,Day,,Sporty,,,,Crowded,,,,Wet,,,Loud,,,,Expensive,,,,Goofy,,,,,Summer,,Seasonal,,Hair-raising
4bf58dd8d48988d193941735,Water Park,Have a splash,at,,Outdoor,Day,,Sporty,,,,Crowded,,,,Wet,,,Loud,,,,Expensive,,,,,,,,,Summer,,Seasonal,,Hair-raising
4bf58dd8d48988d193941735,Water Park,Visit,the,,Outdoor,Day,,Sporty,,,,Crowded,,,,Wet,,,Loud,,,,Expensive,,,,,,,,,Summer,,Seasonal,,Hair-raising
4bf58dd8d48988d17b941735,Zoo,Relive your childhood,at,,Outdoor,Day,,,Visual,,,Crowded,,,Nature,,Geeky,,Loud,,Intellectual,,,,,,Goofy,,,,,Summer,,Seasonal,,
4bf58dd8d48988d17b941735,Zoo,Bring out your inner kid,at,,Outdoor,Day,,,Visual,,,Crowded,,,Nature,,Geeky,,Loud,,Intellectual,,,,,,Goofy,,,,,Summer,,Seasonal,,
4bf58dd8d48988d17b941735,Zoo,Come up with life stories for the animals,at,,Outdoor,Day,,,,,,Crowded,,,Nature,,Geeky,,Loud,,,,,,,,Goofy,,,,First-date,Summer,,Seasonal,,
4bf58dd8d48988d17b941735,Zoo,Visit,the,,Outdoor,Day,,,Visual,,,Crowded,,,Nature,,Geeky,,Loud,,Intellectual,,,,,,,,,,First-date,Summer,,Seasonal,,
4bf58dd8d48988d1aa941735,College Quad,Throw a frisbee,at,,Outdoor,Day,,Sporty,,,,Crowded,,,,,,,Loud,,,Tactile,,,,,,,,,First-date,,,,,
52f2ab2ebcbc57f1066b8b18,Comic Shop,Explore,the,Indoor,,Day,,,,,,,,,,,Geeky,,,Quiet,,,,,,,,,Creative,,,,,,,
52f2ab2ebcbc57f1066b8b18,Comic Shop,Play a board game,at,Indoor,,Day,,,,,,,,,,,Geeky,,,Quiet,,,,,,,,Game-related,Creative,,First-date,,,,,
52f2ab2ebcbc57f1066b8b17,Costume Shop,Explore,the,Indoor,,Day,,,Visual,,,,,,,,,,,Quiet,,,,,,,,,Creative,,,,,,,
52f2ab2ebcbc57f1066b8b17,Costume Shop,Buy costumes and go out,at,Indoor,,Day,,,Visual,,,,,,,,Geeky,,,Quiet,,,Expensive,,,,Goofy,,Creative,,,,,,,
4bf58dd8d48988d1f6941735,Department Store,Play hide and seek,at,Indoor,,Day,,Sporty,,,,Crowded,,,,,,,Loud,,,,,,,,Goofy,Game-related,Creative,,,,,,,
4bf58dd8d48988d1f6941735,Department Store,Race to find the cheapest thing that's a certain color,at,Indoor,,Day,,,,,,Crowded,,,,,,,Loud,,,,,,,,Goofy,,Creative,,First-date,,,,,
4bf58dd8d48988d1f7941735,Flea Market,Buy each other gifts,at,,Outdoor,Day,,,Visual,,,Crowded,,,,,Geeky,,Loud,,,,Expensive,,,Romantic,,,Creative,,,,,,,
4bf58dd8d48988d1f7941735,Flea Market,Explore,the,,Outdoor,Day,,,Visual,,,Crowded,,,,,Geeky,,Loud,,,,,,,,,,Creative,,,,,,,
4bf58dd8d48988d1f7941735,Flea Market,Pretend you're meeting for the first time,at,,Outdoor,Day,,,Visual,,,Crowded,,,,,Geeky,,Loud,,,,,,,Romantic,Goofy,,Creative,,,,,,,
4bf58dd8d48988d11b951735,Flower Shop,Explore,the,Indoor,,Day,,,,,,,,,,,,,,Quiet,,,,,,,,,,,,,,,,
4bf58dd8d48988d11b951735,Flower Shop,Buy each other gifts,at,Indoor,,Day,,,,,,,,,,,,Fancy,,Quiet,,,Expensive,,,Romantic,,,,,,,,,,
4bf58dd8d48988d1f9941735,Food & Drink Shop,Get coffee,at,Indoor,,Day,Night,,,,Culinary,,,,,,,,,Quiet,,,,,,,,,,,First-date,,,,,
4bf58dd8d48988d1f9941735,Food & Drink Shop,Get lunch,at,Indoor,Outdoor,Day,Night,,,,Culinary,,,,,,,,,Quiet,,,,,,,,,,,First-date,,,,,
4bf58dd8d48988d1f9941735,Food & Drink Shop,Get dinner,at,Indoor,Outdoor,Day,Night,,,,Culinary,,,,,,,,Loud,,,,Expensive,,,,,,,,First-date,,,,,
4bf58dd8d48988d1f9941735,Food & Drink Shop,Play 20 questions,at,Indoor,Outdoor,Day,Night,,,,Culinary,,,,,,,,,Quiet,,,,,,Romantic,,Game-related,Creative,,First-date,,,,,
4bf58dd8d48988d128951735,Gift Shop,Explore,the,Indoor,,Day,,,,,,,,,,,Geeky,,,Quiet,,,,,,,,,,,,,,,,
4bf58dd8d48988d128951735,Gift Shop,Buy each other gifts,at,Indoor,,Day,,,,,,,,,,,Geeky,,,Quiet,,,Expensive,,,Romantic,,,,,,,,,,
52f2ab2ebcbc57f1066b8b19,Gun Shop,Explore,the,Indoor,,Day,,,,,,,,,,,Geeky,,Loud,,,,Expensive,,,,,,,,,,,,,
52f2ab2ebcbc57f1066b8b19,Gun Shop,Take a class,at,Indoor,,Day,,,,,,,,,,,,,Loud,,,,Expensive,,,,,,,,,,,,,
4bf58dd8d48988d175941735,Gym / Fitness Center,Exercise together,at,Indoor,Outdoor,Day,,Sporty,,,,Crowded,,,,,,,,Quiet,,,,,,,,,,,,,,,,
4bf58dd8d48988d175941735,Gym / Fitness Center,Take a class,at,Indoor,,Day,,Sporty,,,,Crowded,,,,,,,Loud,,,,Expensive,,,,,,,,,,,,,
54541900498ea6ccd0202697,Health & Beauty Service,Get a makeover together,at,Indoor,,Day,Night,,,,,,,,,,,,,Quiet,,,Expensive,,,,,,,,,,,,,
54541900498ea6ccd0202697,Health & Beauty Service,Get a massage together,at,Indoor,,Day,,,,,,,,,,,,,,Quiet,,Tactile,Expensive,,,Romantic,,,,,,,,,,
54541900498ea6ccd0202697,Health & Beauty Service,Go on a spa date,at,Indoor,,Day,Night,,,,,,,,,Wet,,,,Quiet,,Tactile,Expensive,,,Romantic,,,,,,,,,,
4bf58dd8d48988d1fb941735,Hobby Shop,Pick up a new hobby together,at,Indoor,,Day,,,,,,,,,,,Geeky,,,Quiet,,,,,,,,,Creative,,,,,,,
4bf58dd8d48988d1fb941735,Hobby Shop,Come up with something to make,at,Indoor,,Day,,,,Artistic,,,,,,,Geeky,,,Quiet,,Tactile,,,,,,,Creative,,,,,,,
4bf58dd8d48988d1f0941735,Internet Cafe,Play videogames,at,Indoor,,Day,,,,,,,,,,,Geeky,,Loud,,,,,,,,,Game-related,,,First-date,,,,,
4bf58dd8d48988d111951735,Jewelry Store,Tell the jeweler you are rich and try on expensive jewelry,at,Indoor,,Day,,,,,,,,,,,,Fancy,,Quiet,,,,,,,,,,,,,,,,
52f2ab2ebcbc57f1066b8b25,Knitting Store,Scope out the yarn,at,Indoor,,Day,,,Visual,Artistic,,,,,,,Geeky,,,Quiet,,Tactile,,,,,,,Creative,,First-date,,,,,
52f2ab2ebcbc57f1066b8b2b,Leather Goods Store,Go inside and smell the good smells,at,Indoor,,Day,,,,,,,,Observer,,,,,,Quiet,,,,,,,,,Creative,,First-date,,,,,
4bf58dd8d48988d1fd941735,Mall,Explore,the,Indoor,,Day,,,,,,Crowded,,,,,,,Loud,,,,,,,,,,,,,,,,,
4bf58dd8d48988d1fd941735,Mall,People watch,at,Indoor,,Day,,,,,,Crowded,,Observer,,,,,Loud,,,,,,,,,,,,,,,,,
4bf58dd8d48988d1fd941735,Mall,Get dessert,at,Indoor,,Day,,,,,,Crowded,,,,,,,Loud,,,,,,,Romantic,,,,,First-date,,,,,
4bf58dd8d48988d1fd941735,Mall,Buy each other gifts cheaper than 5 dollars,at,Indoor,,Day,,,,,,Crowded,,,,,,,Loud,,,,,,,,,,Creative,,,,,,,
50be8ee891d4fa8dcc7199a7,Market,Explore,the,Indoor,,Day,,,,,,Crowded,,,,,,,Loud,,,,,,,,,,,,,,,,,
52f2ab2ebcbc57f1066b8b3c,Massage Studio,Get a couples massage,at,Indoor,,Day,,,,,,,,,,,,,,Quiet,,Tactile,Expensive,,,Romantic,,,,,,,,,,
52f2ab2ebcbc57f1066b8b3c,Massage Studio,Try a hot stone massage,at,Indoor,,Day,,,,,,,,,,,,,,Quiet,,Tactile,Expensive,,,Romantic,,,,,,,,,,
52f2ab2ebcbc57f1066b8b27,Mattress Store,Try out all the mattresses,at,Indoor,,Day,,,,,,,,,,,,,,Quiet,,,,,,,,,,,,,,,,
4bf58dd8d48988d1fe941735,Music Store,Share your favorite records,at,Indoor,,Day,,,,,,,,,,,,,Loud,,,,,,,Romantic,,,Creative,,First-date,,,,,
4bf58dd8d48988d1fe941735,Music Store,Explore,the,Indoor,,Day,,,,,,,,,,,,,Loud,,,,,,,,,,,,,,,,,
4bf58dd8d48988d1fe941735,Music Store,Share lyrics that remind you of the other person,at,Indoor,,Day,,,,,,,,,,,,,Loud,,,,,,,,,,,,,,,,,
4f04aa0c2fb6e1c99f3db0b8,Nail Salon,Get a manicure,at,Indoor,,Day,,,,,,,,,,,,,,Quiet,,Tactile,Expensive,,,,,,,,,,,,,
4bf58dd8d48988d100951735,Pet Store,Find a furry friend,at,Indoor,,Day,,,,,,,,,,,,,Loud,,,,,,,,,,,,,,,,,
4bf58dd8d48988d100951735,Pet Store,Tell the life stories of the fish,at,Indoor,,Day,,,,,,,,,,,,,Loud,,,,,,,,Goofy,,,,,,,,,
52f2ab2ebcbc57f1066b8b20,Piercing Parlor,Get a piercing that would make your mom mad,at,Indoor,,Day,Night,,,,,,,,,,,,,Quiet,,Tactile,Expensive,,,,,,,,,,,,,Hair-raising
4bf58dd8d48988d10d951735,Record Shop,Sift through records,at,Indoor,,Day,,,,,,,,,,,Geeky,,,Quiet,,,,,,,,,Creative,,,,,,,
4bf58dd8d48988d110951735,Salon / Barbershop,Recommend to each other new haircuts,at,Indoor,,Day,,,,,,,,,,,,,,Quiet,,,Expensive,,,,Goofy,,,,,,,,,
52f2ab2ebcbc57f1066b8b41,Smoothie Shop,Get a smoothie,at,Indoor,,Day,,,,,Culinary,,,,,,,,Loud,,,,,,,,,,,,First-date,,,,,
52f2ab2ebcbc57f1066b8b1b,Souvenir Shop,Buy cheesy souvenirs,at,Indoor,,Day,,,,,,Crowded,,,,,Geeky,,Loud,,,,,,,Romantic,,,Creative,,,,,,,
52f2ab2ebcbc57f1066b8b1b,Souvenir Shop,Buy each other gifts that cost less than 5 dollars,at,Indoor,,Day,,,,,,Crowded,,,,,Geeky,,Loud,,,,,,,Romantic,,,Creative,,,,,,,
4bf58dd8d48988d1ed941735,Spa,Go on a spa date,at,Indoor,,Day,,,,,,,,,,Wet,,,,Quiet,,,Expensive,,,Romantic,,,,,,,,,,
4bf58dd8d48988d1f2941735,Sporting Goods Shop,Buy a ball and go play sports,at,Indoor,,Day,,Sporty,,,,,,,,,,,,Quiet,,,,,,,,,,,First-date,,,,,
52f2ab2ebcbc57f1066b8b21,Stationery Store,Write postcards and send them to strangers,at,Indoor,,Day,,,,,,,,,,,Geeky,,,Quiet,,,,,,,Goofy,,Creative,,,,,,,
4bf58dd8d48988d1de931735,Tattoo Parlor,Get matching tattoos,at,Indoor,,Day,Night,,Visual,,,,,,,,,,,Quiet,,,Expensive,,,Romantic,,,Creative,,,,,,,
4bf58dd8d48988d101951735,Thrift / Vintage Store,Dress as your favorite childhood movie character,at,Indoor,,Day,,,Visual,,,,,,,,Geeky,,,Quiet,,,,,,,Goofy,,Creative,,,,,,,
4bf58dd8d48988d101951735,Thrift / Vintage Store,Go incognito,at,Indoor,,Day,,,,,,,,,,,Geeky,,,Quiet,,,,,,,Goofy,,Creative,,,,,,,
4bf58dd8d48988d1f3941735,Toy / Game Store,Play with the toys,at,Indoor,,Day,,,,,,,,,,,Geeky,,,Quiet,,Tactile,,,,,,,,,First-date,,,,,
4bf58dd8d48988d1f3941735,Toy / Game Store,Explore,the,Indoor,,Day,,,,,,,,,,,Geeky,,,Quiet,,,,,,,,,,,,,,,,
4bf58dd8d48988d1f3941735,Toy / Game Store,Buy each other gifts that cost less than 5 dollars,at,Indoor,,Day,,,,,,,,,,,Geeky,,,Quiet,,,,,,Romantic,,,Creative,,,,,,,
52f2ab2ebcbc57f1066b8b30,Used Bookstore,Share a fun fact from a random nonfiction book,at,Indoor,,Day,,,,,,,,,,,Geeky,,,Quiet,Intellectual,,,,,Romantic,,,Creative,,,,,,,
52f2ab2ebcbc57f1066b8b30,Used Bookstore,Read each other the 100th page of random books,at,Indoor,,Day,,,,,,,,,,,Geeky,,,Quiet,Intellectual,,,,,Romantic,,,Creative,,,,,,,
4bf58dd8d48988d126951735,Video Store,Give each other fake movie reviews for every video you find,at,Indoor,,Day,Night,,,,,,,,,,Geeky,,,Quiet,,,,,,,Goofy,,Creative,,,,,,,
4d4b7105d754a06374d81259,Food,Eat,at,Indoor,Outdoor,Day,Night,,,,Culinary,,,,,,,,,Quiet,,,Expensive,,,Romantic,,,,,First-date,,,,,
4bf58dd8d48988d14b941735,Winery,Get a bottle of prosecco,at,Indoor,,Day,,,,,Culinary,,,,,,,Fancy,,Quiet,,,Expensive,,,Romantic,,,,,,,,,,
4d4b7105d754a06376d81259,Nightlife Spot,Dance the night away,at,Indoor,,Day,Night,,,,,Crowded,Party,,,,,,Loud,,,,,,,Romantic,,,,,,,,,,
4bf58dd8d48988d116941735,Bar,Try an exotic drink,at,Indoor,,Day,Night,,,,Culinary,Crowded,Party,,,,,,Loud,,,,Expensive,,,,,,,,,,,,,
50327c8591d4c4b30a586d5d,Brewery,Get a flight of their microbrews,at,Indoor,,Day,Night,,,,Culinary,Crowded,,,,,,,Loud,,,,Expensive,,,,,,,,,,,,,
4bf58dd8d48988d121941735,Lounge,Lounge,at,Indoor,,Day,Night,,,,,,Party,,,,,,,Quiet,,,,,,,,,,,,,,,,
53e510b7498ebcb1801b55d4,Night Market,Buy 10 small items and have the date go on a clued scavenger hunt,at,,Outdoor,,Night,,,,,Crowded,,,,,,,Loud,,,,Expensive,,,Romantic,Goofy,Game-related,Creative,,,,,,,
4bf58dd8d48988d11f941735,Nightclub,Dance the night away,at,Indoor,,Day,Night,Sporty,,,,Crowded,Party,,,,,,Loud,,,,,,,Romantic,,,,,,,,,,
4bf58dd8d48988d1d4941735,Speakeasy,Act all secretive,at,Indoor,,Day,Night,,,,,Crowded,Party,,,,,Fancy,Loud,,,,,,,Romantic,Goofy,,,,,,,,,
4bf58dd8d48988d1d6941735,Strip Club,Get rid of your excess singles,at,Indoor,,Day,Night,,,,,Crowded,Party,,,,,,Loud,,,,Expensive,,,,,,,,,,,,,Hair-raising
52e81612bcbc57f1066b7a27,Bath House,Take a bath,at,Indoor,,Day,Night,,,,,,,,,Wet,,,,Quiet,,,Expensive,,,,,,,,,,,,,
52e81612bcbc57f1066b7a28,Bathing Area,Go swimming,at,,Outdoor,Day,,Sporty,,,,Crowded,,,,Wet,,,,Quiet,,,,,,,,,,,,Summer,,Seasonal,,
4bf58dd8d48988d1e2941735,Beach,Learn to surf,at,,Outdoor,Day,,Sporty,,,,,,,Nature,Wet,,,,Quiet,,,Expensive,,,,,,,,,Summer,,Seasonal,,
4bf58dd8d48988d1e2941735,Beach,Have a picnic,at,,Outdoor,Day,,,Visual,,,,,,Nature,,,,,Quiet,,,,,,Romantic,,,,,\,Summer,,Seasonal,,
4bf58dd8d48988d1e2941735,Beach,Get some vitamin D,at,,Outdoor,Day,,,,,,,,,Nature,,,,,Quiet,,,,,,,,,,,First-date,Summer,,Seasonal,,
52e81612bcbc57f1066b7a22,Botanical Garden,Take a leisurely walk,at,,Outdoor,Day,,,,,,,,,,,,,,Quiet,,,,,,Romantic,,,,,First-date,Summer,,Seasonal,,
4bf58dd8d48988d1df941735,Bridge,"Meet in the middle, light a candle, and kiss each other",at,,Outdoor,Day,Night,,,,,Crowded,,,,,,,Loud,,,Tactile,,,,Romantic,Goofy,,,,,,,,,
4bf58dd8d48988d1e4941735,Campground,Go camping,at,,Outdoor,Day,Night,Sporty,,,,,,,Nature,,,,,Quiet,,,,,,,,,,,,Summer,,Seasonal,,
4bf58dd8d48988d1e4941735,Campground,Start a fire and make smores,at,,Outdoor,Day,Night,Sporty,,,,,,,Nature,,,,,Quiet,,,,,,,,,,,,Summer,,Seasonal,,
50aaa49e4b90af0d42d5de11,Castle,Explore,the,Indoor,,Day,,,,,,Crowded,,,,,,,,Quiet,,,,,,,,,,,,,,,Historical,
52e81612bcbc57f1066b7a12,Dive Spot,Go for a dive,at,,Outdoor,Day,Night,Sporty,,,,,,,Nature,Wet,,,Loud,,,,Expensive,,,,,,,,,Summer,,Seasonal,,
4bf58dd8d48988d1e5941735,Dog Run,Make a furry friend,at,,Outdoor,Day,,,,,,,,,,,,,Loud,,,Tactile,,,,,Goofy,,,,First-date,,,,,
4bf58dd8d48988d15b941735,Farm,Go on a tour,of,,Outdoor,Day,,,,,,,,,Nature,,,,,Quiet,,,Expensive,,,,,,,,,,,,,
52e81612bcbc57f1066b7a0f,Fishing Spot,Fish,at,,Outdoor,Day,,,,,,,,,Nature,Wet,,,,Quiet,,,,,,,,,,,,Summer,,Seasonal,,
52e81612bcbc57f1066b7a23,Forest,Hunt for mushrooms,at,,Outdoor,Day,,Sporty,,,,,,,Nature,,,,,Quiet,,Tactile,,,,,Goofy,,,,,Summer,,Seasonal,,
4bf58dd8d48988d15a941735,Garden,Garden together,at,,Outdoor,Day,,,,,,,,,Nature,,,,,Quiet,,Tactile,,,,,,,,,,Summer,,Seasonal,,
52e81612bcbc57f1066b7a11,Gun Range,Shoot targets,at,,Outdoor,Day,,,,,,,,,,,,,Loud,,,,Expensive,,,,,Game-related,,,,,,,,Hair-raising
4bf58dd8d48988d1e0941735,Harbor / Marina,Watch the sunset,at,,Outdoor,Day,,,Visual,,,,,,,,,,,Quiet,,,,,,Romantic,,,,,,,,,,
4bf58dd8d48988d160941735,Hot Spring,Relax and unwind,at,,Outdoor,Day,,,,,,,,,Nature,Wet,,,,Quiet,,,,,,Romantic,,,,,,,,,,
4bf58dd8d48988d161941735,Lake,Go for a swim,at,,Outdoor,Day,,Sporty,,,,,,,Nature,Wet,,,,Quiet,,,,,,,,,,,,Summer,,Seasonal,,
4bf58dd8d48988d15d941735,Lighthouse,Take a photo,at,,Outdoor,Day,,,Visual,,,,,,,,,,,Quiet,,,,,,Romantic,,,,,,,,,Historical,
4eb1d4d54b900d56c88a45fc,Mountain,Go on a hike,at,,Outdoor,Day,,Sporty,,,,,,,Nature,,,,,Quiet,,,,,,,,,Creative,,,,,,,
52e81612bcbc57f1066b7a21,National Park,Go on a hike,at,,Outdoor,Day,,Sporty,,,,,,,Nature,,,,,Quiet,,,,,,,,,,,,Summer,,Seasonal,,
52e81612bcbc57f1066b7a13,Nature Preserve,Go on a hike,at,,Outdoor,Day,,Sporty,,,,,,,Nature,,,,,Quiet,,,,,,,,,,,,,,,,
52e81612bcbc57f1066b7a14,Palace,Act like royalty,at,Indoor,Outdoor,Day,,,,,,Crowded,,,,,Geeky,Fancy,,Quiet,,,,,,Romantic,,,Creative,,,,,,Historical,
52e81612bcbc57f1066b7a14,Palace,Learn about history,at,Indoor,Outdoor,Day,,,,,,Crowded,,,,,Geeky,,,Quiet,,,,,,,,,,,,,,,Historical,
4bf58dd8d48988d163941735,Park,Throw a frisbee,at,,Outdoor,Day,,Sporty,,,,,,,Nature,,,,,Quiet,,Tactile,,,,,,Game-related,,,,Summer,,Seasonal,,
4bf58dd8d48988d163941735,Park,Fly a kite,at,,Outdoor,Day,,Sporty,,,,,,,Nature,,,,,Quiet,,Tactile,,,,Romantic,,,,,First-date,Summer,,Seasonal,,
4bf58dd8d48988d163941735,Park,People watch,at,,Outdoor,Day,,,Visual,,,,,,Nature,,,,,Quiet,,,,,,,,,,,,Summer,,Seasonal,,
4bf58dd8d48988d163941735,Park,Have a picnic,at,,Outdoor,Day,,,,,,,,,Nature,,,,,Quiet,,,,,,Romantic,,,,,,Summer,,Seasonal,,
4bf58dd8d48988d163941735,Park,Kick a ball,at,,Outdoor,Day,,Sporty,,,,,,,Nature,,,,,Quiet,,,,,,,,Game-related,,,,Summer,,Seasonal,,
52e81612bcbc57f1066b7a25,Pedestrian Plaza,People watch,at,,Outdoor,Day,Night,,Visual,,,Crowded,,,,,,,Loud,,,,,,,,,,,,,,,,,
4bf58dd8d48988d1e7941735,Playground,Relive your childhood,at,,Outdoor,Day,,,,,,Crowded,,,,,,,,Quiet,,,,,,,Goofy,,Creative,Illegal,,,,,,
4bf58dd8d48988d1e7941735,Playground,Play hide and seek,at,,Outdoor,Day,Night,Sporty,,,,,,,,,,,,Quiet,,,,,,,Goofy,Game-related,Creative,,,,,,,
4bf58dd8d48988d164941735,Plaza,People watch,at,,Outdoor,Day,,,Visual,,,Crowded,,,,,,Fancy,Loud,,,,,,,,,,,,,,,,,
4bf58dd8d48988d15e941735,Pool,Have a doggy paddle race,at,,Outdoor,Day,,Sporty,,,,Crowded,,,,,,,Loud,,,,,,,,Goofy,Game-related,,,,Summer,,Seasonal,,
52e81612bcbc57f1066b7a29,Rafting,Raft,at,,Outdoor,Day,,Sporty,,,,,,,Nature,Wet,,,,Quiet,,,Expensive,,,,,,,,,Summer,,Seasonal,,Hair-raising
4eb1d4dd4b900d56c88a45fd,River,Go fishing,at,,Outdoor,Day,,,,,,,,,Nature,Wet,,,,Quiet,,,,,,,,,,,,Summer,,Seasonal,,
4bf58dd8d48988d165941735,Scenic Lookout,Have a romantic picnic,at,,Outdoor,,Night,,Visual,,,,,Observer,Nature,,,,,Quiet,,,,,,Romantic,,,,,,,,,,
4bf58dd8d48988d165941735,Scenic Lookout,Watch the sun set,at,,Outdoor,,Night,,Visual,,,,,Observer,Nature,,,,,Quiet,,,,,,Romantic,,,,,,,,,,
4bf58dd8d48988d166941735,Sculpture Garden,Strike a pose and take photos,at,,Outdoor,Day,,,Visual,Artistic,,,,,Nature,,,,,Quiet,,,,,,Romantic,Goofy,,Creative,,,,,,,
4bf58dd8d48988d166941735,Sculpture Garden,Admire,the,,Outdoor,Day,,,Visual,Artistic,,,,,Nature,,,,,Quiet,,,,,,Romantic,Goofy,,Creative,,,,,,,
503289d391d4c4b30a586d6a,Rock Climbing Gym,Climb,at,Indoor,,Day,,Sporty,,,,,,,,,,,Loud,,,Tactile,,,,,,,,,,,,,,
4bf58dd8d48988d117941735,Beer Garden,Play 20 Questions,at,,Outdoor,,Night,,,,,Crowded,Party,,,,,,,,,,,,,,Goofy,,,,,Summer,,,,
4bf58dd8d48988d117941735,Beer Garden,Sample all the beers,at,,Outdoor,,Night,,,,,Crowded,Party,,,,,,Loud,,,,,,,,,,,,,Summer,,,,
4bf58dd8d48988d11e941735,Cocktail Bar,Choose random cocktails from the menu,at,Indoor,,,Night,,,,,,,,,,,Fancy,,,,,Expensive,,,,,,,,,,,,,
4bf58dd8d48988d118941735,Dive Bar,Play Truth or Dare,at,Indoor,,,Night,,,,,,Party,,,,,,,,,,,,,,Goofy,,,,,,,,,
4bf58dd8d48988d118941735,Dive Bar,Play 20 Questions,at,Indoor,,,Night,,,,,,Party,,,,,,,,,,,,,,Goofy,,,,,,,,,
4bf58dd8d48988d1d5941735,Hotel Bar,Pretend you're from out of town and chat all night,at,Indoor,,,Night,,,,,,,,,,,Fancy,,,,,Expensive,,,,Goofy,,,,,,,,,
4bf58dd8d48988d1d5941735,Hotel Bar,Pretend you're meeting for the first time,at,Indoor,,,Night,,,,,,,,,,,Fancy,,,,,Expensive,,,Romantic,,,,,,,,,,
4bf58dd8d48988d120941735,Karaoke Bar,"If it's Karaoke night, belt out your favorite tune",at,Indoor,,,Night,,,,,,Party,,,,,,Loud,,,,,,,,,,,,,,,,,
4bf58dd8d48988d11b941735,Pub,Grab a beer and a bite to eat,at ,Indoor,,,Night,,,,,,Party,,,,,,Loud,,,,,,,,,,,,,,,,,
4bf58dd8d48988d11c941735,Sake Bar,Sample the sake,at,Indoor,,,Night,,,,,,,,,,,Fancy,,,,,Expensive,,,,,,,,,,,,,
4bf58dd8d48988d11d941735,Sports Bar,Cheer on the local sports team,at,Indoor,,,Night,,,,,,Party,,,,,,Loud,,,,,,,,,,,,,,,,,
4bf58dd8d48988d122941735,Whisky Bar,Sample the whiskies,at,Indoor,,,Night,,,,,,,,,,,Fancy,,,,,Expensive,,,,,,,,,,,,,
4bf58dd8d48988d123941735,Wine Bar,Drink and be merry,at,Indoor,,,Night,,,,,,,,,,,,,,,,,,,Romantic,,,,,,,,,,
4bf58dd8d48988d168941735,Skating Rink,Go skating,at,Indoor,Outdoor,Day,,Sporty,,,,Crwoded,,,,,,,,,,,,,,Romantic,Goofy,,,,First-date,,Winter,,,Hair-raising